{
  "version": 1,
  "author": "Anonymous maker",
  "editor": "wokwi",
  "parts": [
    {
      "type": "wokwi-breadboard-half",
      "id": "bb1",
      "top": -21.7,
      "left": 42.1,
      "rotate": 270,
      "attrs": {}
    },
    {
      "type": "wokwi-arduino-uno",
      "id": "uno",
      "top": 45,
      "left": 308.6,
      "rotate": 90,
      "attrs": {}
    },
    { "type": "wokwi-servo", "id": "servo1", "top": -70, "left": -74, "rotate": 180, "attrs": {} },
    {
      "type": "wokwi-led",
      "id": "led1",
      "top": 152.4,
      "left": 179.4,
      "rotate": 90,
      "attrs": { "color": "red" }
    },
    {
      "type": "wokwi-lcd1602",
      "id": "lcd1",
      "top": -243.2,
      "left": 120.8,
      "attrs": { "pins": "i2c" }
    },
    {
      "type": "wokwi-membrane-keypad",
      "id": "keypad1",
      "top": -203.6,
      "left": 552.8,
      "attrs": {}
    },
    {
      "type": "wokwi-resistor",
      "id": "r1",
      "top": 167.45,
      "left": 113.8,
      "rotate": 180,
      "attrs": { "value": "1000" }
    },
    {
      "type": "wokwi-buzzer",
      "id": "bz1",
      "top": 69.6,
      "left": 97.8,
      "attrs": { "volume": "0.1" }
    }
  ],
  "connections": [
    [ "uno:5V", "bb1:bp.1", "red", [ "h-19.1", "v42.2" ] ],
    [ "uno:GND.2", "bb1:bn.2", "black", [ "h-28.7", "v3.9" ] ],
    [ "bb1:bp.2", "bb1:tp.2", "red", [ "h0" ] ],
    [ "uno:A4", "lcd1:SDA", "magenta", [ "h-38.3", "v-351", "h-192" ] ],
    [ "uno:A5", "lcd1:SCL", "purple", [ "h-28.7", "v-350.9", "h-201.6" ] ],
    [ "keypad1:R1", "uno:9", "green", [ "v0" ] ],
    [ "uno:8", "keypad1:R2", "green", [ "h0" ] ],
    [ "uno:7", "keypad1:R3", "green", [ "h0" ] ],
    [ "uno:6", "keypad1:R4", "green", [ "h0" ] ],
    [ "keypad1:C1", "uno:5", "cyan", [ "v0" ] ],
    [ "keypad1:C2", "uno:4", "cyan", [ "v0" ] ],
    [ "uno:3", "keypad1:C3", "cyan", [ "h0" ] ],
    [ "keypad1:C4", "uno:2", "cyan", [ "v0" ] ],
    [ "bb1:tn.4", "bb1:5t.a", "green", [ "h0" ] ],
    [ "uno:11", "bb1:6t.e", "gray", [ "v0.6", "h-336", "v19.2" ] ],
    [ "bz1:2", "bb1:8t.a", "green", [ "v0" ] ],
    [ "bb1:8t.e", "uno:10", "yellow", [ "v-9.6", "h86.4", "v-0.7" ] ],
    [ "servo1:GND", "bb1:tn.20", "black", [ "h0" ] ],
    [ "r1:1", "bb1:6t.c", "", [ "$bb" ] ],
    [ "r1:2", "bb1:tp.5", "", [ "$bb" ] ],
    [ "led1:A", "bb1:5t.d", "", [ "$bb" ] ],
    [ "led1:C", "bb1:6t.d", "", [ "$bb" ] ],
    [ "bz1:1", "bb1:tn.6", "", [ "$bb" ] ],
    [ "bb1:bn.3", "bb1:tn.3", "black", [ "h0" ] ],
    [ "lcd1:VCC", "bb1:tp.25", "red", [ "h0" ] ],
    [ "servo1:PWM", "bb1:26t.a", "green", [ "h0" ] ],
    [ "uno:12", "bb1:26t.e", "green", [ "h-172.8", "v-162.7" ] ],
    [ "servo1:V+", "bb1:tp.19", "red", [ "h0" ] ],
    [ "lcd1:GND", "uno:GND.1", "black", [ "h0" ] ]
  ],
  "dependencies": {}
}